论文名称,数据来源,赛题类型,内容页数,内容字符数,章节完整度,段落平均长度,公式总数,公式密度(公式数/内容字符),规范编号公式占比,逻辑连词总频次,连词密度(连词数/内容字符),参考文献数量,内容页数_归一,内容字符数_归一,段落平均长度_归一,公式总数_归一,公式密度(公式数/内容字符)_归一,规范编号公式占比_归一,逻辑连词总频次_归一,连词密度(连词数/内容字符)_归一,参考文献数量_归一,篇幅结构特征综合得分,公式特征综合得分,逻辑连接特征综合得分,参考文献特征综合得分,综合质量得分,等级
2-1.pdf,自动识别,B,31,19155,0.833,21.89,100,0.005221,0.04,4,0.000209,12,0.5,0.702913,0.479259,1.0,1.0,0.4,0.076923,0.028796,0.529412,0.6287929999999999,0.7999999999999999,0.052859500000000004,0.529412,65.18,良好
2-10.pdf,自动识别,B,20,14363,0.5,20.76,62,0.004317,0.0,3,0.000209,4,0.076923,0.309643,0.578994,0.608247,0.820207,0.0,0.0,0.028796,0.058824,0.36639,0.4761513333333333,0.014398,0.058824,70.51,良好
2-2.pdf,自动识别,B,19,12141,0.5,21.23,36,0.002965,0.0,15,0.001235,6,0.038462,0.127288,0.537511,0.340206,0.551313,0.0,0.923077,0.924084,0.176471,0.30081525,0.297173,0.9235805,0.176471,72.24,良好
2-3.pdf,自动识别,B,20,10590,0.5,16.78,34,0.003211,0.0,14,0.001322,5,0.076923,0.0,0.930274,0.319588,0.600239,0.0,0.846154,1.0,0.117647,0.37679925000000003,0.30660899999999996,0.9230769999999999,0.117647,61.14,中等
2-4.pdf,自动识别,B,19,15517,0.5,27.32,3,0.000193,0.0,7,0.000451,17,0.038462,0.40435,0.0,0.0,0.0,0.0,0.307692,0.239965,0.823529,0.235703,0.0,0.27382850000000003,0.823529,67.66,良好
2-5.pdf,自动识别,B,44,22775,0.833,15.99,67,0.002942,0.075,4,0.000176,3,1.0,1.0,1.0,0.659794,0.546738,0.75,0.076923,0.0,0.0,0.95825,0.6521773333333333,0.0384615,0.0,73.26,良好
2-6.pdf,自动识别,B,20,14565,0.667,22.1,37,0.00254,0.0,9,0.000618,11,0.076923,0.326221,0.460724,0.350515,0.466786,0.0,0.461538,0.385689,0.470588,0.382717,0.2724336666666667,0.4236135,0.470588,65.18,良好
2-7.pdf,自动识别,B,18,12305,0.833,18.02,28,0.002275,0.071,16,0.0013,10,0.0,0.140747,0.82083,0.257732,0.414081,0.71,1.0,0.980803,0.411765,0.44864424999999997,0.46060433333333334,0.9904014999999999,0.411765,64.89,中等
2-9.pdf,自动识别,B,25,18033,0.833,22.94,10,0.000555,0.1,10,0.000555,20,0.269231,0.610833,0.386584,0.072165,0.071997,1.0,0.538462,0.330716,1.0,0.5249119999999999,0.38138733333333336,0.434589,1.0,66.39,良好
