paper_id,page_count,chinese_chars,english_words,total_chars,logical_connectors,modeling_terms,references,equations,section_count,sentence_count,avg_sentence_length,std_sentence_length,terminology_richness,chars_per_page,logical_density,formula_density,ref_density,model_term_density,ai_repetition_ratio,ai_burstiness,ai_para_uniformity
A1_01,18,5310,81,8876,105,120,16,23,499,357,23.19047619047619,14.062390752172977,0.7604871447902571,295.0,19.77401129943503,1.2777777777777777,0.8888888888888888,22.598870056497177,0.07011070110701106,0.6051916028660929,0.28546854728169363
A1_02,37,8353,144,11651,157,198,7,8,276,471,23.222929936305732,13.371357063400836,0.8323353293413174,225.75675675675674,18.795642284209265,0.21621621621621623,0.1891891891891892,23.70405842212379,0.002777777777777778,0.5748952570430895,0.3939816448837166
A1_03,18,4610,136,6990,83,190,0,10,119,307,21.289902280130292,12.107444972782345,0.8935251798561151,256.1111111111111,18.004338394793926,0.5555555555555556,0.0,41.21475054229935,0.013761467889908258,0.5621697988648595,0.404441697419361
A1_04,24,6253,458,13349,130,229,1,8,273,482,25.767634854771785,26.340885938013724,0.8598726114649682,260.5416666666667,20.79002079002079,0.3333333333333333,0.041666666666666664,36.62242123780585,0.02981029810298103,1.0210361647662083,1.0247900424023215
A1_05,25,9093,191,15167,155,351,7,66,236,759,18.300395256916996,12.22233154979334,0.9234042553191489,363.72,17.0460794017376,2.64,0.28,38.60112174199934,0.03353057199211045,0.6634817689670927,0.882245117458459
A1_06,53,27497,226,38136,288,279,20,25,367,1819,19.08411214953271,11.239560689217255,0.6670520231213873,518.811320754717,10.473869876713824,0.4716981132075472,0.37735849056603776,10.146561443066517,0.26327769347496205,0.5901484202288603,0.30006047431812144
A1_07,37,10903,459,19739,159,245,28,0,297,774,24.016795865633075,21.022345120958455,0.7960027567195038,294.6756756756757,14.583142254425386,0.0,0.7567567567567568,22.470879574429055,0.029668411867364748,0.8615850085427347,0.8270395381517225
A1_08,84,7274,983,18930,118,152,16,170,487,780,22.833333333333332,13.828173273009565,0.7799586776859504,86.5952380952381,16.222161121803683,2.0238095238095237,0.19047619047619047,20.89634313995051,0.21951219512195122,0.6005813610903199,0.473150533647856
A1_09,25,8845,215,12386,132,238,13,6,212,496,23.455645161290324,12.088969928765875,0.9148936170212766,353.8,14.923685698134538,0.24,0.52,26.907857546636517,0.03299492385786802,0.5076963889865581,0.3139563304128732
A1_10,19,7208,132,9931,116,143,38,20,232,427,21.814988290398126,13.183125975274475,0.9019189765458422,379.36842105263156,16.09322974472808,1.0526315789473684,2.0,19.83906770255272,0.0,0.5901149007043389,0.5750172945846769
A1_11,24,6063,125,9027,41,147,40,23,236,368,23.07336956521739,14.567591619844098,0.8583333333333333,252.625,6.7623288800923635,0.9583333333333334,1.6666666666666667,24.245423057892133,0.007246376811594203,0.6225519960029995,0.5970938796381136
A1_12,14,4195,129,6800,27,64,6,24,266,347,18.288184438040346,11.993656050785418,0.8169838945827232,299.64285714285717,6.4362336114421925,1.7142857142857142,0.42857142857142855,15.256257449344456,0.034334763948497854,0.6475420308080837,0.46660758704373945
A1_13,13,7029,111,9178,60,105,16,2,104,347,25.138328530259365,14.234082593994044,0.8398576512455516,540.6923076923077,8.536064874093043,0.15384615384615385,1.2307692307692308,14.938113529662825,0.007246376811594203,0.5196148857972258,0.39572592535367174
A1_14,33,9869,478,15027,112,177,14,11,224,620,22.724193548387095,13.825282887893504,0.8868071818891491,299.06060606060606,11.34866754483737,0.3333333333333333,0.42424242424242425,17.93494781639477,0.03463203463203463,0.5991473166597467,0.33294582175530313
A1_15,46,18967,804,27753,200,175,36,59,327,1038,25.128131021194605,13.687186481190626,0.8807495741056218,412.32608695652175,10.54463014709759,1.2826086956521738,0.782608695652174,9.226551378710392,0.02751196172248804,0.5387809835922056,0.31497376696391205
A1_16,21,8680,130,12569,105,117,12,12,370,534,22.082397003745317,12.080284998299536,0.8611361587015329,413.3333333333333,12.096774193548388,0.5714285714285714,0.5714285714285714,13.47926267281106,0.014457831325301205,0.5400693358495053,0.42942780117745105
A1_17,35,8249,189,12906,62,249,16,56,246,548,21.8521897810219,12.886579009284167,0.8202898550724638,235.68571428571428,7.516062553036731,1.6,0.45714285714285713,30.185477027518484,0.03365384615384615,0.5791756099216998,0.8294338547360522
A1_18,15,6338,411,10737,59,193,0,18,511,454,22.037444933920703,12.862571066501454,0.876979293544458,422.53333333333336,9.308930261912275,1.2,0.0,30.45124644998422,0.025787965616045846,0.5727029712443776,0.31460424984935176
A1_19,11,4536,113,7233,37,63,10,9,420,307,22.140065146579804,12.061862421582711,0.8904347826086957,412.3636363636364,8.156966490299824,0.8181818181818182,0.9090909090909091,13.88888888888889,0.05220883534136546,0.543584287113265,0.3615960202623841
A1_20,13,5888,181,8851,57,108,22,21,262,330,25.25151515151515,14.150931465478854,0.844059405940594,452.9230769230769,9.68070652173913,1.6153846153846154,1.6923076923076923,18.342391304347828,0.007662835249042145,0.5512609181513722,0.18420227929000868
A1_21,38,8822,343,14621,82,182,20,47,429,688,19.59738372093023,10.734065752252894,0.8469809760132341,232.1578947368421,9.294944457039222,1.236842105263158,0.5263157894736842,20.630242575379736,0.055226824457593686,0.5377352470646611,0.3641059469341242
A1_22,20,6700,340,11529,80,85,0,12,464,440,24.547727272727272,13.511190456876237,0.8453237410071942,335.0,11.940298507462686,0.6,0.0,12.686567164179104,0.019230769230769232,0.5384373124507348,0.4608904670576125
A1_23,19,6938,88,10253,57,79,1,15,466,411,23.19221411192214,11.54572155989327,0.7849588719153937,365.1578947368421,8.215624099164025,0.7894736842105263,0.05263157894736842,11.386566733929087,0.08459214501510574,0.5007309748139233,0.32004608614638447
A1_24,77,16747,732,29908,116,207,26,122,525,1545,17.37022653721683,10.218272560635588,0.7251878212732306,217.4935064935065,6.926613721860631,1.5844155844155845,0.33766233766233766,12.360422762285783,0.12773403324584426,0.593542553294025,0.3504239257623009
A1_26,54,16745,709,30415,314,349,199,77,1096,1140,25.032456140350877,15.842697114510253,0.8451966152314584,310.0925925925926,18.751866228724992,1.4259259259259258,3.685185185185185,20.84204240071663,0.06326304106548279,0.6235027342446976,0.9814369861958796
A1_27,66,13714,1547,25900,314,409,42,23,914,1150,20.632173913043477,11.513523600917518,0.8092783505154639,207.78787878787878,22.896310339798745,0.3484848484848485,0.6363636363636364,29.8235379903748,0.06651108518086347,0.553810939425386,0.3270863737333606
A1_28,62,14017,1412,28214,147,298,65,98,913,1146,23.019197207678882,14.861418526239982,0.7716115261472786,226.08064516129033,10.487265463365913,1.5806451612903225,1.0483870967741935,21.259898694442462,0.11777777777777777,0.6398562658971687,0.36008508708297576
A1_29,60,12688,1658,28527,81,521,70,92,1125,1077,25.0677808727948,15.309862097154156,0.7710976282404853,211.46666666666667,6.383984867591424,1.5333333333333334,1.1666666666666667,41.062421185372,0.10996563573883161,0.6037929067165211,0.3178133093297538
A1_30,18,8835,412,15051,58,230,26,75,365,614,22.672638436482085,13.455754513245907,0.8900343642611683,490.8333333333333,6.5647990945104695,4.166666666666667,1.4444444444444444,26.03282399547255,0.03303964757709251,0.5686260789357332,1.0804297835724277
A2_2-1,69,9438,1059,21098,87,217,26,100,561,803,24.86052303860523,15.350061296088638,0.8174305033809166,136.7826086956522,9.218054672600127,1.4492753623188406,0.37681159420289856,22.992159355795717,0.12337662337662338,0.6066274773531688,0.42217521831441274
A2_2-10,53,6002,726,16149,85,34,8,62,790,646,23.489164086687307,15.390551570019259,0.7503250975292588,113.24528301886792,14.161946017994003,1.169811320754717,0.1509433962264151,5.664778407197601,0.23689727463312368,0.6555780133892424,0.31337769331536497
A2_2-2,30,9247,140,13236,120,133,24,36,214,542,22.542435424354245,12.78061579870741,0.8801534036433365,308.23333333333335,12.977181788688224,1.2,0.8,14.383043149129447,0.019559902200488997,0.5553400606530104,0.2656968634220646
A2_2-3,22,7187,147,11927,89,126,10,34,563,570,19.17719298245614,12.108942868137184,0.7693817468105987,326.6818181818182,12.383470154445526,1.5454545454545454,0.45454545454545453,17.531654375956588,0.10098522167487685,0.6271058069435662,0.4134411827394052
A2_2-4,19,13184,113,16292,128,181,34,3,141,646,23.789473684210527,12.398402500028505,0.806966618287373,693.8947368421053,9.708737864077671,0.15789473684210525,1.7894736842105263,13.72876213592233,0.11928429423459244,0.49733386933542706,0.25127833001108707
A2_2-5,48,15418,672,26021,98,241,22,67,619,1261,18.875495638382237,12.290414335902474,0.6462014134275619,321.2083333333333,6.356207030743287,1.3958333333333333,0.4583333333333333,15.631080555195227,0.12817551963048499,0.6501262442609728,0.349928387944776
A2_2-6,34,10103,341,15793,134,280,37,37,406,695,21.359712230215827,12.388673867890718,0.8055347793567689,297.1470588235294,13.26338711273879,1.088235294117647,1.088235294117647,27.714540235573594,0.022944550669216062,0.5731854730571069,0.32771991040899057
A2_2-7,18,9050,448,13605,102,232,32,28,318,568,21.806338028169016,13.807192016434577,0.8450184501845018,502.77777777777777,11.270718232044198,1.5555555555555556,1.7777777777777777,25.635359116022098,0.0199501246882793,0.6244363617280287,0.24221213213417292
A2_2-9,32,12999,454,19623,169,235,66,10,462,815,22.498159509202456,13.543374865503905,0.8597144630664184,406.21875,13.001000076928994,0.3125,2.0625,18.078313716439727,0.019834710743801654,0.5888469506864269,0.503238356427008
A3_3-1,28,16745,208,22257,309,235,22,30,339,1006,20.608349900596423,11.748173152719417,0.903110657827639,598.0357142857143,18.453269632726187,1.0714285714285714,0.7857142857142857,14.034040011943864,0.016282225237449117,0.5609896078880261,0.32037637872980407
A3_3-2,35,8537,147,12246,145,250,18,30,236,505,22.42178217821782,13.278521359590762,0.8542402826855123,243.9142857142857,16.984889305376594,0.8571428571428571,0.5142857142857142,29.284291905821714,0.013513513513513514,0.5811010861186491,0.8467288758781369
A3_3-3,69,21339,472,31328,485,486,30,60,617,1354,21.549483013293944,12.029235209801358,0.7942494398805079,309.2608695652174,22.728337785275787,0.8695652173913043,0.43478260869565216,22.775200337410375,0.040117416829745595,0.568243526763163,0.7156887965773286
